Target_genes	Foxp2|Average	ERX383753|Liver	ERX383754|Pancreas	STRING
Tcstv3	1605.500000	1503	1708	0
Cldn34d	1355.000000	1417	1293	0
Brox	1134.000000	1196	1072	0
Aida	1134.000000	1196	1072	0
Tmem125	814.000000	1301	327	0
Asmt	297.500000	274	321	0
Gm11213	292.000000	261	323	0
9230019H11Rik	57.000000	0	114	0
Srpx2	0.000000	0	0	491
Cdkn1a	0.000000	0	0	411
Cntnap2	0.000000	0	0	406
Scgb1a1	0.000000	0	0	401
Plaur	0.000000	0	0	401
Mef2c	0.000000	0	0	401
Disc1	0.000000	0	0	401
